symbol,isin,company,industry,nifty100,group,on_exit,as_of
360ONE,INE466L01038,360 ONE WAM Ltd.,Financial Services,false,,hold,2026-09-30
ABB,INE117A01022,ABB India Ltd.,Capital Goods,true,,hold,2026-09-30
ABCAPITAL,INE674K01013,Aditya Birla Capital Ltd.,Financial Services,false,ADITYA_BIRLA,hold,2026-09-30
ADANIENSOL,INE931S01010,Adani Energy Solutions Ltd.,Power,true,ADANI,hold,2026-09-30
ADANIENT,INE423A01024,Adani Enterprises Ltd.,Metals & Mining,true,ADANI,hold,2026-09-30
ADANIGREEN,INE364U01010,Adani Green Energy Ltd.,Power,true,ADANI,hold,2026-09-30
ADANIPORTS,INE742F01042,Adani Ports and Special Economic Zone Ltd.,Services,true,ADANI,hold,2026-09-30
ADANIPOWER,INE814H01029,Adani Power Ltd.,Power,true,ADANI,hold,2026-09-30
AMBUJACEM,INE079A01024,Ambuja Cements Ltd.,Construction Materials,true,ADANI,hold,2026-09-30
APARINDS,INE372A01015,Apar Industries Ltd.,Capital Goods,false,,hold,2026-09-30
APLAPOLLO,INE702C01027,APL Apollo Tubes Ltd.,Capital Goods,false,,hold,2026-09-30
APOLLOHOSP,INE437A01024,Apollo Hospitals Enterprise Ltd.,Healthcare,true,,hold,2026-09-30
ASHOKLEY,INE208A01029,Ashok Leyland Ltd.,Capital Goods,false,HINDUJA,hold,2026-09-30
ASIANPAINT,INE021A01026,Asian Paints Ltd.,Consumer Durables,true,,hold,2026-09-30
ASTRAL,INE006I01046,Astral Ltd.,Capital Goods,false,,hold,2026-09-30
ATGL,INE399L01023,Adani Total Gas Ltd.,Oil Gas & Consumable Fuels,false,ADANI,hold,2026-09-30
AUBANK,INE949L01017,AU Small Finance Bank Ltd.,Financial Services,false,,hold,2026-09-30
AUROPHARMA,INE406A01037,Aurobindo Pharma Ltd.,Healthcare,false,,hold,2026-09-30
AXISBANK,INE238A01034,Axis Bank Ltd.,Financial Services,true,,hold,2026-09-30
BAJAJ-AUTO,INE917I01010,Bajaj Auto Ltd.,Automobile and Auto Components,true,BAJAJ,hold,2026-09-30
BAJAJFINSV,INE918I01026,Bajaj Finserv Ltd.,Financial Services,true,BAJAJ,hold,2026-09-30
BAJAJHLDNG,INE118A01012,Bajaj Holdings & Investment Ltd.,Financial Services,true,BAJAJ,hold,2026-09-30
BAJFINANCE,INE296A01032,Bajaj Finance Ltd.,Financial Services,true,BAJAJ,hold,2026-09-30
BANKBARODA,INE028A01039,Bank of Baroda,Financial Services,true,,hold,2026-09-30
BANKINDIA,INE084A01016,Bank of India,Financial Services,false,,hold,2026-09-30
BDL,INE171Z01026,Bharat Dynamics Ltd.,Capital Goods,false,,hold,2026-09-30
BEL,INE263A01024,Bharat Electronics Ltd.,Capital Goods,true,,hold,2026-09-30
BHARATFORG,INE465A01025,Bharat Forge Ltd.,Automobile and Auto Components,false,,hold,2026-09-30
BHARTIARTL,INE397D01024,Bharti Airtel Ltd.,Telecommunication,true,BHARTI,hold,2026-09-30
BHEL,INE257A01026,Bharat Heavy Electricals Ltd.,Capital Goods,false,,hold,2026-09-30
BIOCON,INE376G01013,Biocon Ltd.,Healthcare,false,BIOCON,hold,2026-09-30
BLUESTARCO,INE472A01039,Blue Star Ltd.,Consumer Durables,false,,hold,2026-09-30
BOSCHLTD,INE323A01026,Bosch Ltd.,Automobile and Auto Components,true,,hold,2026-09-30
BPCL,INE029A01011,Bharat Petroleum Corporation Ltd.,Oil Gas & Consumable Fuels,true,,hold,2026-09-30
BRITANNIA,INE216A01030,Britannia Industries Ltd.,Fast Moving Consumer Goods,true,,hold,2026-09-30
BSE,INE118H01025,BSE Ltd.,Financial Services,true,,hold,2026-09-30
CANBK,INE476A01022,Canara Bank,Financial Services,true,,hold,2026-09-30
CGPOWER,INE067A01029,CG Power and Industrial Solutions Ltd.,Capital Goods,true,MURUGAPPA,hold,2026-09-30
CHOLAFIN,INE121A01024,Cholamandalam Investment and Finance Company Ltd.,Financial Services,true,MURUGAPPA,hold,2026-09-30
CIPLA,INE059A01026,Cipla Ltd.,Healthcare,true,,hold,2026-09-30
COALINDIA,INE522F01014,Coal India Ltd.,Oil Gas & Consumable Fuels,true,,hold,2026-09-30
COCHINSHIP,INE704P01025,Cochin Shipyard Ltd.,Capital Goods,false,,hold,2026-09-30
COFORGE,INE591G01025,Coforge Ltd.,Information Technology,false,,hold,2026-09-30
COLPAL,INE259A01022,Colgate Palmolive (India) Ltd.,Fast Moving Consumer Goods,false,,hold,2026-09-30
CONCOR,INE111A01025,Container Corporation of India Ltd.,Services,false,,hold,2026-09-30
CUMMINSIND,INE298A01020,Cummins India Ltd.,Capital Goods,true,,hold,2026-09-30
DABUR,INE016A01026,Dabur India Ltd.,Fast Moving Consumer Goods,false,,hold,2026-09-30
DIVISLAB,INE361B01024,Divi's Laboratories Ltd.,Healthcare,true,,hold,2026-09-30
DIXON,INE935N01020,Dixon Technologies (India) Ltd.,Consumer Durables,false,,hold,2026-09-30
DLF,INE271C01023,DLF Ltd.,Realty,true,,hold,2026-09-30
DMART,INE192R01011,Avenue Supermarts Ltd.,Consumer Services,true,,hold,2026-09-30
DRREDDY,INE089A01031,Dr. Reddy's Laboratories Ltd.,Healthcare,true,,hold,2026-09-30
EICHERMOT,INE066A01021,Eicher Motors Ltd.,Automobile and Auto Components,true,,hold,2026-09-30
ENRIN,INE1NPP01017,Siemens Energy India Ltd.,Capital Goods,true,SIEMENS,hold,2026-09-30
ETERNAL,INE758T01015,Eternal Ltd.,Consumer Services,true,,hold,2026-09-30
EXIDEIND,INE302A01020,Exide Industries Ltd.,Automobile and Auto Components,false,,hold,2026-09-30
FEDERALBNK,INE171A01029,Federal Bank Ltd.,Financial Services,false,,hold,2026-09-30
FORTIS,INE061F01013,Fortis Healthcare Ltd.,Healthcare,false,,hold,2026-09-30
GAIL,INE129A01019,GAIL (India) Ltd.,Oil Gas & Consumable Fuels,true,,hold,2026-09-30
GLENMARK,INE935A01035,Glenmark Pharmaceuticals Ltd.,Healthcare,false,,hold,2026-09-30
GMRAIRPORT,INE776C01039,GMR Airports Ltd.,Services,false,,hold,2026-09-30
GODFRYPHLP,INE260B01028,Godfrey Phillips India Ltd.,Fast Moving Consumer Goods,false,,hold,2026-09-30
GODREJCP,INE102D01028,Godrej Consumer Products Ltd.,Fast Moving Consumer Goods,true,GODREJ,hold,2026-09-30
GODREJPROP,INE484J01027,Godrej Properties Ltd.,Realty,false,GODREJ,hold,2026-09-30
GRASIM,INE047A01021,Grasim Industries Ltd.,Construction Materials,true,ADITYA_BIRLA,hold,2026-09-30
GROWW,INE0HOQ01053,Billionbrains Garage Ventures Ltd.,Financial Services,false,,hold,2026-09-30
GVT&D,INE200A01026,GE Vernova T&D India Ltd.,Capital Goods,false,,hold,2026-09-30
HAL,INE066F01020,Hindustan Aeronautics Ltd.,Capital Goods,true,,hold,2026-09-30
HAVELLS,INE176B01034,Havells India Ltd.,Consumer Durables,false,,hold,2026-09-30
HCLTECH,INE860A01027,HCL Technologies Ltd.,Information Technology,true,,hold,2026-09-30
HDFCAMC,INE127D01025,HDFC Asset Management Company Ltd.,Financial Services,true,HDFC,hold,2026-09-30
HDFCBANK,INE040A01034,HDFC Bank Ltd.,Financial Services,true,HDFC,hold,2026-09-30
HDFCLIFE,INE795G01014,HDFC Life Insurance Company Ltd.,Financial Services,true,HDFC,hold,2026-09-30
HEROMOTOCO,INE158A01026,Hero MotoCorp Ltd.,Automobile and Auto Components,false,,hold,2026-09-30
HINDALCO,INE038A01020,Hindalco Industries Ltd.,Metals & Mining,true,ADITYA_BIRLA,hold,2026-09-30
HINDCOPPER,INE531E01026,Hindustan Copper Ltd.,Metals & Mining,false,,hold,2026-09-30
HINDPETRO,INE094A01015,Hindustan Petroleum Corporation Ltd.,Oil Gas & Consumable Fuels,false,ONGC,hold,2026-09-30
HINDUNILVR,INE030A01027,Hindustan Unilever Ltd.,Fast Moving Consumer Goods,true,,hold,2026-09-30
HINDZINC,INE267A01025,Hindustan Zinc Ltd.,Metals & Mining,true,VEDANTA,hold,2026-09-30
HYUNDAI,INE0V6F01027,Hyundai Motor India Ltd.,Automobile and Auto Components,true,,hold,2026-09-30
ICICIAMC,INE346A01027,ICICI Prudential Asset Management Company Ltd.,Financial Services,false,ICICI,hold,2026-09-30
ICICIBANK,INE090A01021,ICICI Bank Ltd.,Financial Services,true,ICICI,hold,2026-09-30
ICICIGI,INE765G01017,ICICI Lombard General Insurance Company Ltd.,Financial Services,false,ICICI,hold,2026-09-30
IDEA,INE669E01016,Vodafone Idea Ltd.,Telecommunication,true,ADITYA_BIRLA,hold,2026-09-30
IDFCFIRSTB,INE092T01019,IDFC First Bank Ltd.,Financial Services,false,,hold,2026-09-30
INDHOTEL,INE053A01029,Indian Hotels Co. Ltd.,Consumer Services,false,TATA,hold,2026-09-30
INDIANB,INE562A01011,Indian Bank,Financial Services,false,,hold,2026-09-30
INDIGO,INE646L01027,InterGlobe Aviation Ltd.,Services,true,,hold,2026-09-30
INDUSINDBK,INE095A01012,IndusInd Bank Ltd.,Financial Services,false,HINDUJA,hold,2026-09-30
INDUSTOWER,INE121J01017,Indus Towers Ltd.,Telecommunication,false,BHARTI,hold,2026-09-30
INFY,INE009A01021,Infosys Ltd.,Information Technology,true,,hold,2026-09-30
IOC,INE242A01010,Indian Oil Corporation Ltd.,Oil Gas & Consumable Fuels,true,,hold,2026-09-30
IRCTC,INE335Y01020,Indian Railway Catering And Tourism Corporation Ltd.,Consumer Services,false,,hold,2026-09-30
IREDA,INE202E01016,Indian Renewable Energy Development Agency Ltd.,Financial Services,false,,hold,2026-09-30
IRFC,INE053F01010,Indian Railway Finance Corporation Ltd.,Financial Services,true,,hold,2026-09-30
ITC,INE154A01025,ITC Ltd.,Fast Moving Consumer Goods,true,ITC,hold,2026-09-30
JINDALSTEL,INE749A01030,Jindal Steel Ltd.,Metals & Mining,true,,hold,2026-09-30
JIOFIN,INE758E01017,Jio Financial Services Ltd.,Financial Services,true,RELIANCE,hold,2026-09-30
JSWENERGY,INE121E01018,JSW Energy Ltd.,Power,false,JSW,hold,2026-09-30
JSWSTEEL,INE019A01038,JSW Steel Ltd.,Metals & Mining,true,JSW,hold,2026-09-30
JUBLFOOD,INE797F01020,Jubilant Foodworks Ltd.,Consumer Services,false,,hold,2026-09-30
KALYANKJIL,INE303R01014,Kalyan Jewellers India Ltd.,Consumer Durables,false,,hold,2026-09-30
KEI,INE878B01027,KEI Industries Ltd.,Capital Goods,false,,hold,2026-09-30
KOTAKBANK,INE237A01036,Kotak Mahindra Bank Ltd.,Financial Services,true,,hold,2026-09-30
LAURUSLABS,INE947Q01028,Laurus Labs Ltd.,Healthcare,false,,hold,2026-09-30
LENSKART,INE956O01016,Lenskart Solutions Ltd.,Consumer Services,false,,hold,2026-09-30
LGEINDIA,INE324D01010,LG Electronics India Ltd.,Consumer Durables,false,,hold,2026-09-30
LICHSGFIN,INE115A01026,LIC Housing Finance Ltd.,Financial Services,false,LIC,hold,2026-09-30
LICI,INE0J1Y01017,Life Insurance Corporation of India,Financial Services,false,LIC,hold,2026-09-30
LODHA,INE670K01029,Lodha Developers Ltd.,Realty,false,,hold,2026-09-30
LT,INE018A01030,Larsen & Toubro Ltd.,Construction,true,LNT,hold,2026-09-30
LTF,INE498L01015,L&T Finance Ltd.,Financial Services,false,LNT,hold,2026-09-30
LTM,INE214T01019,LTM Ltd.,Information Technology,true,LNT,hold,2026-09-30
LUPIN,INE326A01037,Lupin Ltd.,Healthcare,false,,hold,2026-09-30
M&M,INE101A01026,Mahindra & Mahindra Ltd.,Automobile and Auto Components,true,MAHINDRA,hold,2026-09-30
M&MFIN,INE774D01024,Mahindra & Mahindra Financial Services Ltd.,Financial Services,false,MAHINDRA,hold,2026-09-30
MAHABANK,INE457A01014,Bank of Maharashtra,Financial Services,false,,hold,2026-09-30
MANKIND,INE634S01028,Mankind Pharma Ltd.,Healthcare,false,,hold,2026-09-30
MARICO,INE196A01026,Marico Ltd.,Fast Moving Consumer Goods,false,,hold,2026-09-30
MARUTI,INE585B01010,Maruti Suzuki India Ltd.,Automobile and Auto Components,true,,hold,2026-09-30
MAXHEALTH,INE027H01010,Max Healthcare Institute Ltd.,Healthcare,true,,hold,2026-09-30
MAZDOCK,INE249Z01020,Mazagoan Dock Shipbuilders Ltd.,Capital Goods,true,,hold,2026-09-30
MCX,INE745G01043,Multi Commodity Exchange of India Ltd.,Financial Services,false,,hold,2026-09-30
MEESHO,INE0VDM01015,Meesho Ltd.,Consumer Services,false,,hold,2026-09-30
MFSL,INE180A01020,Max Financial Services Ltd.,Financial Services,false,,hold,2026-09-30
MOTHERSON,INE775A01035,Samvardhana Motherson International Ltd.,Automobile and Auto Components,true,MOTHERSON,hold,2026-09-30
MOTILALOFS,INE338I01027,Motilal Oswal Financial Services Ltd.,Financial Services,false,,hold,2026-09-30
MPHASIS,INE356A01018,MphasiS Ltd.,Information Technology,false,,hold,2026-09-30
MRF,INE883A01011,MRF Ltd.,Automobile and Auto Components,false,,hold,2026-09-30
MUTHOOTFIN,INE414G01012,Muthoot Finance Ltd.,Financial Services,true,,hold,2026-09-30
NATIONALUM,INE139A01034,National Aluminium Co. Ltd.,Metals & Mining,false,,hold,2026-09-30
NAUKRI,INE663F01032,Info Edge (India) Ltd.,Consumer Services,false,,hold,2026-09-30
NESTLEIND,INE239A01024,Nestle India Ltd.,Fast Moving Consumer Goods,true,,hold,2026-09-30
NHPC,INE848E01016,NHPC Ltd.,Power,false,,hold,2026-09-30
NLCINDIA,INE589A01014,NLC India Ltd.,Power,false,,hold,2026-09-30
NMDC,INE584A01023,NMDC Ltd.,Metals & Mining,false,,hold,2026-09-30
NTPC,INE733E01010,NTPC Ltd.,Power,true,NTPC,hold,2026-09-30
NYKAA,INE388Y01029,FSN E-Commerce Ventures Ltd.,Consumer Services,false,,hold,2026-09-30
OBEROIRLTY,INE093I01010,Oberoi Realty Ltd.,Realty,false,,hold,2026-09-30
OFSS,INE881D01027,Oracle Financial Services Software Ltd.,Information Technology,false,,hold,2026-09-30
OIL,INE274J01014,Oil India Ltd.,Oil Gas & Consumable Fuels,false,,hold,2026-09-30
ONGC,INE213A01029,Oil & Natural Gas Corporation Ltd.,Oil Gas & Consumable Fuels,true,ONGC,hold,2026-09-30
PAGEIND,INE761H01022,Page Industries Ltd.,Textiles,false,,hold,2026-09-30
PATANJALI,INE619A01035,Patanjali Foods Ltd.,Fast Moving Consumer Goods,false,,hold,2026-09-30
PAYTM,INE982J01020,One 97 Communications Ltd.,Financial Services,false,,hold,2026-09-30
PERSISTENT,INE262H01021,Persistent Systems Ltd.,Information Technology,false,,hold,2026-09-30
PFC,INE134E01011,Power Finance Corporation Ltd.,Financial Services,true,PFC,hold,2026-09-30
PHOENIXLTD,INE211B01039,Phoenix Mills Ltd.,Realty,false,,hold,2026-09-30
PIDILITIND,INE318A01026,Pidilite Industries Ltd.,Chemicals,true,,hold,2026-09-30
PIIND,INE603J01030,PI Industries Ltd.,Chemicals,false,,hold,2026-09-30
PNB,INE160A01022,Punjab National Bank,Financial Services,true,,hold,2026-09-30
POLICYBZR,INE417T01026,PB Fintech Ltd.,Financial Services,false,,hold,2026-09-30
POLYCAB,INE455K01017,Polycab India Ltd.,Capital Goods,true,,hold,2026-09-30
POWERGRID,INE752E01010,Power Grid Corporation of India Ltd.,Power,true,,hold,2026-09-30
POWERINDIA,INE07Y701011,Hitachi Energy India Ltd.,Capital Goods,true,,hold,2026-09-30
PREMIERENE,INE0BS701011,Premier Energies Ltd.,Capital Goods,false,,hold,2026-09-30
PRESTIGE,INE811K01011,Prestige Estates Projects Ltd.,Realty,false,,hold,2026-09-30
RADICO,INE944F01028,Radico Khaitan Ltd,Fast Moving Consumer Goods,false,,hold,2026-09-30
RECLTD,INE020B01018,REC Ltd.,Financial Services,false,PFC,hold,2026-09-30
RELIANCE,INE002A01018,Reliance Industries Ltd.,Oil Gas & Consumable Fuels,true,RELIANCE,hold,2026-09-30
RVNL,INE415G01027,Rail Vikas Nigam Ltd.,Construction,false,,hold,2026-09-30
SAIL,INE114A01011,Steel Authority of India Ltd.,Metals & Mining,false,,hold,2026-09-30
SBICARD,INE018E01016,SBI Cards and Payment Services Ltd.,Financial Services,false,SBI,hold,2026-09-30
SBILIFE,INE123W01016,SBI Life Insurance Company Ltd.,Financial Services,true,SBI,hold,2026-09-30
SBIN,INE062A01020,State Bank of India,Financial Services,true,SBI,hold,2026-09-30
SHRIRAMFIN,INE721A01047,Shriram Finance Ltd.,Financial Services,true,,hold,2026-09-30
SIEMENS,INE003A01024,Siemens Ltd.,Capital Goods,true,SIEMENS,hold,2026-09-30
SOLARINDS,INE343H01029,Solar Industries India Ltd.,Chemicals,true,,hold,2026-09-30
SRF,INE647A01010,SRF Ltd.,Chemicals,false,,hold,2026-09-30
SUNPHARMA,INE044A01036,Sun Pharmaceutical Industries Ltd.,Healthcare,true,,hold,2026-09-30
SUPREMEIND,INE195A01028,Supreme Industries Ltd.,Capital Goods,false,,hold,2026-09-30
SUZLON,INE040H01021,Suzlon Energy Ltd.,Capital Goods,false,,hold,2026-09-30
SWIGGY,INE00H001014,Swiggy Ltd.,Consumer Services,false,,hold,2026-09-30
TATACAP,INE976I01016,Tata Capital Ltd.,Financial Services,true,TATA,hold,2026-09-30
TATACOMM,INE151A01013,Tata Communications Ltd.,Telecommunication,false,TATA,hold,2026-09-30
TATACONSUM,INE192A01025,Tata Consumer Products Ltd.,Fast Moving Consumer Goods,true,TATA,hold,2026-09-30
TATAPOWER,INE245A01021,Tata Power Co. Ltd.,Power,true,TATA,hold,2026-09-30
TATASTEEL,INE081A01020,Tata Steel Ltd.,Metals & Mining,true,TATA,hold,2026-09-30
TCS,INE467B01029,Tata Consultancy Services Ltd.,Information Technology,true,TATA,hold,2026-09-30
TECHM,INE669C01036,Tech Mahindra Ltd.,Information Technology,true,MAHINDRA,hold,2026-09-30
TIINDIA,INE974X01010,Tube Investments of India Ltd.,Automobile and Auto Components,false,MURUGAPPA,hold,2026-09-30
TITAN,INE280A01028,Titan Company Ltd.,Consumer Durables,true,TATA,hold,2026-09-30
TMCV,INE1TAE01010,Tata Motors Ltd.,Capital Goods,true,TATA,hold,2026-09-30
TMPV,INE155A01022,Tata Motors Passenger Vehicles Ltd.,Automobile and Auto Components,true,TATA,hold,2026-09-30
TORNTPHARM,INE685A01028,Torrent Pharmaceuticals Ltd.,Healthcare,true,TORRENT,hold,2026-09-30
TRENT,INE849A01020,Trent Ltd.,Consumer Services,true,TATA,hold,2026-09-30
TVSMOTOR,INE494B01023,TVS Motor Company Ltd.,Automobile and Auto Components,true,,hold,2026-09-30
ULTRACEMCO,INE481G01011,UltraTech Cement Ltd.,Construction Materials,true,ADITYA_BIRLA,hold,2026-09-30
UNIONBANK,INE692A01016,Union Bank of India,Financial Services,true,,hold,2026-09-30
UNITDSPR,INE854D01024,United Spirits Ltd.,Fast Moving Consumer Goods,false,,hold,2026-09-30
UPL,INE628A01036,UPL Ltd.,Chemicals,false,,hold,2026-09-30
VAML,INE1CDF01017,Vedanta Aluminium Metal Ltd.,Metals & Mining,true,VEDANTA,hold,2026-09-30
VBL,INE200M01039,Varun Beverages Ltd.,Fast Moving Consumer Goods,true,,hold,2026-09-30
VEDL,INE205A01025,Vedanta Ltd.,Metals & Mining,true,VEDANTA,hold,2026-09-30
VMM,INE01EA01019,Vishal Mega Mart Ltd.,Consumer Services,false,,hold,2026-09-30
VOLTAS,INE226A01021,Voltas Ltd.,Consumer Durables,false,TATA,hold,2026-09-30
WAAREEENER,INE377N01017,Waaree Energies Ltd.,Capital Goods,false,,hold,2026-09-30
WIPRO,INE075A01022,Wipro Ltd.,Information Technology,true,,hold,2026-09-30
YESBANK,INE528G01035,Yes Bank Ltd.,Financial Services,false,,hold,2026-09-30
ZYDUSLIFE,INE010B01027,Zydus Lifesciences Ltd.,Healthcare,true,,hold,2026-09-30
